,Column,Metric,Score
0,0,KSComplement,0.07160317460317456
1,1,KSComplement,0.3521269841269842
2,2,KSComplement,0.4679333333333334
3,3,KSComplement,0.9979428571428571
4,4,KSComplement,0.8511904761904762
5,5,KSComplement,0.840679365079365
6,6,KSComplement,0.8908444444444443
7,7,KSComplement,0.7806349206349207
8,8,KSComplement,0.985095238095238
9,9,KSComplement,0.8905015873015873
10,10,KSComplement,0.9626190476190477
11,11,KSComplement,0.9554158730158729
12,12,TVComplement,0.8036666666666666
